omni,generation,prompt
omni/000_a.png,generations/000.png,"Fill in the outlined section with the missing pixels corresponding to the <isometric nyc pixel art> style, removing the border and exactly following the shape/style/structure of the surrounding image (if present)."
omni/000_b.png,generations/000.png,"Fill in the outlined section with the missing pixels corresponding to the <isometric nyc pixel art> style, removing the border and exactly following the shape/style/structure of the surrounding image (if present)."
omni/000_c.png,generations/000.png,"Fill in the outlined section with the missing pixels corresponding to the <isometric nyc pixel art> style, removing the border and exactly following the shape/style/structure of the surrounding image (if present)."
omni/001_a.png,generations/001.png,"Fill in the outlined section with the missing pixels corresponding to the <isometric nyc pixel art> style, removing the border and exactly following the shape/style/structure of the surrounding image (if present)."
omni/001_b.png,generations/001.png,"Fill in the outlined section with the missing pixels corresponding to the <isometric nyc pixel art> style, removing the border and exactly following the shape/style/structure of the surrounding image (if present)."
omni/001_c.png,generations/001.png,"Fill in the outlined section with the missing pixels corresponding to the <isometric nyc pixel art> style, removing the border and exactly following the shape/style/structure of the surrounding image (if present)."
omni/002_a.png,generations/002.png,"Fill in the outlined section with the missing pixels corresponding to the <isometric nyc pixel art> style, removing the border and exactly following the shape/style/structure of the surrounding image (if present)."
omni/002_b.png,generations/002.png,"Fill in the outlined section with the missing pixels corresponding to the <isometric nyc pixel art> style, removing the border and exactly following the shape/style/structure of the surrounding image (if present)."
omni/002_c.png,generations/002.png,"Fill in the outlined section with the missing pixels corresponding to the <isometric nyc pixel art> style, removing the border and exactly following the shape/style/structure of the surrounding image (if present)."
omni/003_a.png,generations/003.png,"Fill in the outlined section with the missing pixels corresponding to the <isometric nyc pixel art> style, removing the border and exactly following the shape/style/structure of the surrounding image (if present)."
omni/003_b.png,generations/003.png,"Fill in the outlined section with the missing pixels corresponding to the <isometric nyc pixel art> style, removing the border and exactly following the shape/style/structure of the surrounding image (if present)."
omni/003_c.png,generations/003.png,"Fill in the outlined section with the missing pixels corresponding to the <isometric nyc pixel art> style, removing the border and exactly following the shape/style/structure of the surrounding image (if present)."
omni/004_a.png,generations/004.png,"Fill in the outlined section with the missing pixels corresponding to the <isometric nyc pixel art> style, removing the border and exactly following the shape/style/structure of the surrounding image (if present)."
omni/004_b.png,generations/004.png,"Fill in the outlined section with the missing pixels corresponding to the <isometric nyc pixel art> style, removing the border and exactly following the shape/style/structure of the surrounding image (if present)."
omni/004_c.png,generations/004.png,"Fill in the outlined section with the missing pixels corresponding to the <isometric nyc pixel art> style, removing the border and exactly following the shape/style/structure of the surrounding image (if present)."
omni/005_a.png,generations/005.png,"Fill in the outlined section with the missing pixels corresponding to the <isometric nyc pixel art> style, removing the border and exactly following the shape/style/structure of the surrounding image (if present)."
omni/005_b.png,generations/005.png,"Fill in the outlined section with the missing pixels corresponding to the <isometric nyc pixel art> style, removing the border and exactly following the shape/style/structure of the surrounding image (if present)."
omni/005_c.png,generations/005.png,"Fill in the outlined section with the missing pixels corresponding to the <isometric nyc pixel art> style, removing the border and exactly following the shape/style/structure of the surrounding image (if present)."
omni/006_a.png,generations/006.png,"Fill in the outlined section with the missing pixels corresponding to the <isometric nyc pixel art> style, removing the border and exactly following the shape/style/structure of the surrounding image (if present)."
omni/006_b.png,generations/006.png,"Fill in the outlined section with the missing pixels corresponding to the <isometric nyc pixel art> style, removing the border and exactly following the shape/style/structure of the surrounding image (if present)."
omni/006_c.png,generations/006.png,"Fill in the outlined section with the missing pixels corresponding to the <isometric nyc pixel art> style, removing the border and exactly following the shape/style/structure of the surrounding image (if present)."
omni/008_a.png,generations/008.png,"Fill in the outlined section with the missing pixels corresponding to the <isometric nyc pixel art> style, removing the border and exactly following the shape/style/structure of the surrounding image (if present)."
omni/008_b.png,generations/008.png,"Fill in the outlined section with the missing pixels corresponding to the <isometric nyc pixel art> style, removing the border and exactly following the shape/style/structure of the surrounding image (if present)."
omni/008_c.png,generations/008.png,"Fill in the outlined section with the missing pixels corresponding to the <isometric nyc pixel art> style, removing the border and exactly following the shape/style/structure of the surrounding image (if present)."
omni/009_a.png,generations/009.png,"Fill in the outlined section with the missing pixels corresponding to the <isometric nyc pixel art> style, removing the border and exactly following the shape/style/structure of the surrounding image (if present)."
omni/009_b.png,generations/009.png,"Fill in the outlined section with the missing pixels corresponding to the <isometric nyc pixel art> style, removing the border and exactly following the shape/style/structure of the surrounding image (if present)."
omni/009_c.png,generations/009.png,"Fill in the outlined section with the missing pixels corresponding to the <isometric nyc pixel art> style, removing the border and exactly following the shape/style/structure of the surrounding image (if present)."
omni/010_a.png,generations/010.png,"Fill in the outlined section with the missing pixels corresponding to the <isometric nyc pixel art> style, removing the border and exactly following the shape/style/structure of the surrounding image (if present)."
omni/010_b.png,generations/010.png,"Fill in the outlined section with the missing pixels corresponding to the <isometric nyc pixel art> style, removing the border and exactly following the shape/style/structure of the surrounding image (if present)."
omni/010_c.png,generations/010.png,"Fill in the outlined section with the missing pixels corresponding to the <isometric nyc pixel art> style, removing the border and exactly following the shape/style/structure of the surrounding image (if present)."
omni/011_a.png,generations/011.png,"Fill in the outlined section with the missing pixels corresponding to the <isometric nyc pixel art> style, removing the border and exactly following the shape/style/structure of the surrounding image (if present)."
omni/011_b.png,generations/011.png,"Fill in the outlined section with the missing pixels corresponding to the <isometric nyc pixel art> style, removing the border and exactly following the shape/style/structure of the surrounding image (if present)."
omni/011_c.png,generations/011.png,"Fill in the outlined section with the missing pixels corresponding to the <isometric nyc pixel art> style, removing the border and exactly following the shape/style/structure of the surrounding image (if present)."
omni/012_a.png,generations/012.png,"Fill in the outlined section with the missing pixels corresponding to the <isometric nyc pixel art> style, removing the border and exactly following the shape/style/structure of the surrounding image (if present)."
omni/012_b.png,generations/012.png,"Fill in the outlined section with the missing pixels corresponding to the <isometric nyc pixel art> style, removing the border and exactly following the shape/style/structure of the surrounding image (if present)."
omni/012_c.png,generations/012.png,"Fill in the outlined section with the missing pixels corresponding to the <isometric nyc pixel art> style, removing the border and exactly following the shape/style/structure of the surrounding image (if present)."
omni/013_a.png,generations/013.png,"Fill in the outlined section with the missing pixels corresponding to the <isometric nyc pixel art> style, removing the border and exactly following the shape/style/structure of the surrounding image (if present)."
omni/013_b.png,generations/013.png,"Fill in the outlined section with the missing pixels corresponding to the <isometric nyc pixel art> style, removing the border and exactly following the shape/style/structure of the surrounding image (if present)."
omni/013_c.png,generations/013.png,"Fill in the outlined section with the missing pixels corresponding to the <isometric nyc pixel art> style, removing the border and exactly following the shape/style/structure of the surrounding image (if present)."
omni/014_a.png,generations/014.png,"Fill in the outlined section with the missing pixels corresponding to the <isometric nyc pixel art> style, removing the border and exactly following the shape/style/structure of the surrounding image (if present)."
omni/014_b.png,generations/014.png,"Fill in the outlined section with the missing pixels corresponding to the <isometric nyc pixel art> style, removing the border and exactly following the shape/style/structure of the surrounding image (if present)."
omni/014_c.png,generations/014.png,"Fill in the outlined section with the missing pixels corresponding to the <isometric nyc pixel art> style, removing the border and exactly following the shape/style/structure of the surrounding image (if present)."
omni/015_a.png,generations/015.png,"Fill in the outlined section with the missing pixels corresponding to the <isometric nyc pixel art> style, removing the border and exactly following the shape/style/structure of the surrounding image (if present)."
omni/015_b.png,generations/015.png,"Fill in the outlined section with the missing pixels corresponding to the <isometric nyc pixel art> style, removing the border and exactly following the shape/style/structure of the surrounding image (if present)."
omni/015_c.png,generations/015.png,"Fill in the outlined section with the missing pixels corresponding to the <isometric nyc pixel art> style, removing the border and exactly following the shape/style/structure of the surrounding image (if present)."
omni/016_a.png,generations/016.png,"Fill in the outlined section with the missing pixels corresponding to the <isometric nyc pixel art> style, removing the border and exactly following the shape/style/structure of the surrounding image (if present)."
omni/016_b.png,generations/016.png,"Fill in the outlined section with the missing pixels corresponding to the <isometric nyc pixel art> style, removing the border and exactly following the shape/style/structure of the surrounding image (if present)."
omni/016_c.png,generations/016.png,"Fill in the outlined section with the missing pixels corresponding to the <isometric nyc pixel art> style, removing the border and exactly following the shape/style/structure of the surrounding image (if present)."
omni/018_a.png,generations/018.png,"Fill in the outlined section with the missing pixels corresponding to the <isometric nyc pixel art> style, removing the border and exactly following the shape/style/structure of the surrounding image (if present)."
omni/018_b.png,generations/018.png,"Fill in the outlined section with the missing pixels corresponding to the <isometric nyc pixel art> style, removing the border and exactly following the shape/style/structure of the surrounding image (if present)."
omni/018_c.png,generations/018.png,"Fill in the outlined section with the missing pixels corresponding to the <isometric nyc pixel art> style, removing the border and exactly following the shape/style/structure of the surrounding image (if present)."
omni/019_a.png,generations/019.png,"Fill in the outlined section with the missing pixels corresponding to the <isometric nyc pixel art> style, removing the border and exactly following the shape/style/structure of the surrounding image (if present)."
omni/019_b.png,generations/019.png,"Fill in the outlined section with the missing pixels corresponding to the <isometric nyc pixel art> style, removing the border and exactly following the shape/style/structure of the surrounding image (if present)."
omni/019_c.png,generations/019.png,"Fill in the outlined section with the missing pixels corresponding to the <isometric nyc pixel art> style, removing the border and exactly following the shape/style/structure of the surrounding image (if present)."
omni/020_a.png,generations/020.png,"Fill in the outlined section with the missing pixels corresponding to the <isometric nyc pixel art> style, removing the border and exactly following the shape/style/structure of the surrounding image (if present)."
omni/020_b.png,generations/020.png,"Fill in the outlined section with the missing pixels corresponding to the <isometric nyc pixel art> style, removing the border and exactly following the shape/style/structure of the surrounding image (if present)."
omni/020_c.png,generations/020.png,"Fill in the outlined section with the missing pixels corresponding to the <isometric nyc pixel art> style, removing the border and exactly following the shape/style/structure of the surrounding image (if present)."
omni/021_a.png,generations/021.png,"Fill in the outlined section with the missing pixels corresponding to the <isometric nyc pixel art> style, removing the border and exactly following the shape/style/structure of the surrounding image (if present)."
omni/021_b.png,generations/021.png,"Fill in the outlined section with the missing pixels corresponding to the <isometric nyc pixel art> style, removing the border and exactly following the shape/style/structure of the surrounding image (if present)."
omni/021_c.png,generations/021.png,"Fill in the outlined section with the missing pixels corresponding to the <isometric nyc pixel art> style, removing the border and exactly following the shape/style/structure of the surrounding image (if present)."
omni/022_a.png,generations/022.png,"Fill in the outlined section with the missing pixels corresponding to the <isometric nyc pixel art> style, removing the border and exactly following the shape/style/structure of the surrounding image (if present)."
omni/022_b.png,generations/022.png,"Fill in the outlined section with the missing pixels corresponding to the <isometric nyc pixel art> style, removing the border and exactly following the shape/style/structure of the surrounding image (if present)."
omni/022_c.png,generations/022.png,"Fill in the outlined section with the missing pixels corresponding to the <isometric nyc pixel art> style, removing the border and exactly following the shape/style/structure of the surrounding image (if present)."
omni/023_a.png,generations/023.png,"Fill in the outlined section with the missing pixels corresponding to the <isometric nyc pixel art> style, removing the border and exactly following the shape/style/structure of the surrounding image (if present)."
omni/023_b.png,generations/023.png,"Fill in the outlined section with the missing pixels corresponding to the <isometric nyc pixel art> style, removing the border and exactly following the shape/style/structure of the surrounding image (if present)."
omni/023_c.png,generations/023.png,"Fill in the outlined section with the missing pixels corresponding to the <isometric nyc pixel art> style, removing the border and exactly following the shape/style/structure of the surrounding image (if present)."
omni/024_a.png,generations/024.png,"Fill in the outlined section with the missing pixels corresponding to the <isometric nyc pixel art> style, removing the border and exactly following the shape/style/structure of the surrounding image (if present)."
omni/024_b.png,generations/024.png,"Fill in the outlined section with the missing pixels corresponding to the <isometric nyc pixel art> style, removing the border and exactly following the shape/style/structure of the surrounding image (if present)."
omni/024_c.png,generations/024.png,"Fill in the outlined section with the missing pixels corresponding to the <isometric nyc pixel art> style, removing the border and exactly following the shape/style/structure of the surrounding image (if present)."
omni/025_a.png,generations/025.png,"Fill in the outlined section with the missing pixels corresponding to the <isometric nyc pixel art> style, removing the border and exactly following the shape/style/structure of the surrounding image (if present)."
omni/025_b.png,generations/025.png,"Fill in the outlined section with the missing pixels corresponding to the <isometric nyc pixel art> style, removing the border and exactly following the shape/style/structure of the surrounding image (if present)."
omni/025_c.png,generations/025.png,"Fill in the outlined section with the missing pixels corresponding to the <isometric nyc pixel art> style, removing the border and exactly following the shape/style/structure of the surrounding image (if present)."
omni/026_a.png,generations/026.png,"Fill in the outlined section with the missing pixels corresponding to the <isometric nyc pixel art> style, removing the border and exactly following the shape/style/structure of the surrounding image (if present)."
omni/026_b.png,generations/026.png,"Fill in the outlined section with the missing pixels corresponding to the <isometric nyc pixel art> style, removing the border and exactly following the shape/style/structure of the surrounding image (if present)."
omni/026_c.png,generations/026.png,"Fill in the outlined section with the missing pixels corresponding to the <isometric nyc pixel art> style, removing the border and exactly following the shape/style/structure of the surrounding image (if present)."
omni/027_a.png,generations/027.png,"Fill in the outlined section with the missing pixels corresponding to the <isometric nyc pixel art> style, removing the border and exactly following the shape/style/structure of the surrounding image (if present)."
omni/027_b.png,generations/027.png,"Fill in the outlined section with the missing pixels corresponding to the <isometric nyc pixel art> style, removing the border and exactly following the shape/style/structure of the surrounding image (if present)."
omni/027_c.png,generations/027.png,"Fill in the outlined section with the missing pixels corresponding to the <isometric nyc pixel art> style, removing the border and exactly following the shape/style/structure of the surrounding image (if present)."
omni/028_a.png,generations/028.png,"Fill in the outlined section with the missing pixels corresponding to the <isometric nyc pixel art> style, removing the border and exactly following the shape/style/structure of the surrounding image (if present)."
omni/028_b.png,generations/028.png,"Fill in the outlined section with the missing pixels corresponding to the <isometric nyc pixel art> style, removing the border and exactly following the shape/style/structure of the surrounding image (if present)."
omni/028_c.png,generations/028.png,"Fill in the outlined section with the missing pixels corresponding to the <isometric nyc pixel art> style, removing the border and exactly following the shape/style/structure of the surrounding image (if present)."
omni/029_a.png,generations/029.png,"Fill in the outlined section with the missing pixels corresponding to the <isometric nyc pixel art> style, removing the border and exactly following the shape/style/structure of the surrounding image (if present)."
omni/029_b.png,generations/029.png,"Fill in the outlined section with the missing pixels corresponding to the <isometric nyc pixel art> style, removing the border and exactly following the shape/style/structure of the surrounding image (if present)."
omni/029_c.png,generations/029.png,"Fill in the outlined section with the missing pixels corresponding to the <isometric nyc pixel art> style, removing the border and exactly following the shape/style/structure of the surrounding image (if present)."
omni/030_a.png,generations/030.png,"Fill in the outlined section with the missing pixels corresponding to the <isometric nyc pixel art> style, removing the border and exactly following the shape/style/structure of the surrounding image (if present)."
omni/030_b.png,generations/030.png,"Fill in the outlined section with the missing pixels corresponding to the <isometric nyc pixel art> style, removing the border and exactly following the shape/style/structure of the surrounding image (if present)."
omni/030_c.png,generations/030.png,"Fill in the outlined section with the missing pixels corresponding to the <isometric nyc pixel art> style, removing the border and exactly following the shape/style/structure of the surrounding image (if present)."
omni/031_a.png,generations/031.png,"Fill in the outlined section with the missing pixels corresponding to the <isometric nyc pixel art> style, removing the border and exactly following the shape/style/structure of the surrounding image (if present)."
omni/031_b.png,generations/031.png,"Fill in the outlined section with the missing pixels corresponding to the <isometric nyc pixel art> style, removing the border and exactly following the shape/style/structure of the surrounding image (if present)."
omni/031_c.png,generations/031.png,"Fill in the outlined section with the missing pixels corresponding to the <isometric nyc pixel art> style, removing the border and exactly following the shape/style/structure of the surrounding image (if present)."
omni/032_a.png,generations/032.png,"Fill in the outlined section with the missing pixels corresponding to the <isometric nyc pixel art> style, removing the border and exactly following the shape/style/structure of the surrounding image (if present)."
omni/032_b.png,generations/032.png,"Fill in the outlined section with the missing pixels corresponding to the <isometric nyc pixel art> style, removing the border and exactly following the shape/style/structure of the surrounding image (if present)."
omni/032_c.png,generations/032.png,"Fill in the outlined section with the missing pixels corresponding to the <isometric nyc pixel art> style, removing the border and exactly following the shape/style/structure of the surrounding image (if present)."
omni/033_a.png,generations/033.png,"Fill in the outlined section with the missing pixels corresponding to the <isometric nyc pixel art> style, removing the border and exactly following the shape/style/structure of the surrounding image (if present)."
omni/033_b.png,generations/033.png,"Fill in the outlined section with the missing pixels corresponding to the <isometric nyc pixel art> style, removing the border and exactly following the shape/style/structure of the surrounding image (if present)."
omni/033_c.png,generations/033.png,"Fill in the outlined section with the missing pixels corresponding to the <isometric nyc pixel art> style, removing the border and exactly following the shape/style/structure of the surrounding image (if present)."
omni/034_a.png,generations/034.png,"Fill in the outlined section with the missing pixels corresponding to the <isometric nyc pixel art> style, removing the border and exactly following the shape/style/structure of the surrounding image (if present)."
omni/034_b.png,generations/034.png,"Fill in the outlined section with the missing pixels corresponding to the <isometric nyc pixel art> style, removing the border and exactly following the shape/style/structure of the surrounding image (if present)."
omni/034_c.png,generations/034.png,"Fill in the outlined section with the missing pixels corresponding to the <isometric nyc pixel art> style, removing the border and exactly following the shape/style/structure of the surrounding image (if present)."
omni/035_a.png,generations/035.png,"Fill in the outlined section with the missing pixels corresponding to the <isometric nyc pixel art> style, removing the border and exactly following the shape/style/structure of the surrounding image (if present)."
omni/035_b.png,generations/035.png,"Fill in the outlined section with the missing pixels corresponding to the <isometric nyc pixel art> style, removing the border and exactly following the shape/style/structure of the surrounding image (if present)."
omni/035_c.png,generations/035.png,"Fill in the outlined section with the missing pixels corresponding to the <isometric nyc pixel art> style, removing the border and exactly following the shape/style/structure of the surrounding image (if present)."
omni/036_a.png,generations/036.png,"Fill in the outlined section with the missing pixels corresponding to the <isometric nyc pixel art> style, removing the border and exactly following the shape/style/structure of the surrounding image (if present)."
omni/036_b.png,generations/036.png,"Fill in the outlined section with the missing pixels corresponding to the <isometric nyc pixel art> style, removing the border and exactly following the shape/style/structure of the surrounding image (if present)."
omni/036_c.png,generations/036.png,"Fill in the outlined section with the missing pixels corresponding to the <isometric nyc pixel art> style, removing the border and exactly following the shape/style/structure of the surrounding image (if present)."
omni/037_a.png,generations/037.png,"Fill in the outlined section with the missing pixels corresponding to the <isometric nyc pixel art> style, removing the border and exactly following the shape/style/structure of the surrounding image (if present)."
omni/037_b.png,generations/037.png,"Fill in the outlined section with the missing pixels corresponding to the <isometric nyc pixel art> style, removing the border and exactly following the shape/style/structure of the surrounding image (if present)."
omni/037_c.png,generations/037.png,"Fill in the outlined section with the missing pixels corresponding to the <isometric nyc pixel art> style, removing the border and exactly following the shape/style/structure of the surrounding image (if present)."
omni/038_a.png,generations/038.png,"Fill in the outlined section with the missing pixels corresponding to the <isometric nyc pixel art> style, removing the border and exactly following the shape/style/structure of the surrounding image (if present)."
omni/038_b.png,generations/038.png,"Fill in the outlined section with the missing pixels corresponding to the <isometric nyc pixel art> style, removing the border and exactly following the shape/style/structure of the surrounding image (if present)."
omni/038_c.png,generations/038.png,"Fill in the outlined section with the missing pixels corresponding to the <isometric nyc pixel art> style, removing the border and exactly following the shape/style/structure of the surrounding image (if present)."
omni/039_a.png,generations/039.png,"Fill in the outlined section with the missing pixels corresponding to the <isometric nyc pixel art> style, removing the border and exactly following the shape/style/structure of the surrounding image (if present)."
omni/039_b.png,generations/039.png,"Fill in the outlined section with the missing pixels corresponding to the <isometric nyc pixel art> style, removing the border and exactly following the shape/style/structure of the surrounding image (if present)."
omni/039_c.png,generations/039.png,"Fill in the outlined section with the missing pixels corresponding to the <isometric nyc pixel art> style, removing the border and exactly following the shape/style/structure of the surrounding image (if present)."
omni/040_a.png,generations/040.png,"Fill in the outlined section with the missing pixels corresponding to the <isometric nyc pixel art> style, removing the border and exactly following the shape/style/structure of the surrounding image (if present)."
omni/040_b.png,generations/040.png,"Fill in the outlined section with the missing pixels corresponding to the <isometric nyc pixel art> style, removing the border and exactly following the shape/style/structure of the surrounding image (if present)."
omni/040_c.png,generations/040.png,"Fill in the outlined section with the missing pixels corresponding to the <isometric nyc pixel art> style, removing the border and exactly following the shape/style/structure of the surrounding image (if present)."
omni/041_a.png,generations/041.png,"Fill in the outlined section with the missing pixels corresponding to the <isometric nyc pixel art> style, removing the border and exactly following the shape/style/structure of the surrounding image (if present)."
omni/041_b.png,generations/041.png,"Fill in the outlined section with the missing pixels corresponding to the <isometric nyc pixel art> style, removing the border and exactly following the shape/style/structure of the surrounding image (if present)."
omni/041_c.png,generations/041.png,"Fill in the outlined section with the missing pixels corresponding to the <isometric nyc pixel art> style, removing the border and exactly following the shape/style/structure of the surrounding image (if present)."
omni/042_a.png,generations/042.png,"Fill in the outlined section with the missing pixels corresponding to the <isometric nyc pixel art> style, removing the border and exactly following the shape/style/structure of the surrounding image (if present)."
omni/042_b.png,generations/042.png,"Fill in the outlined section with the missing pixels corresponding to the <isometric nyc pixel art> style, removing the border and exactly following the shape/style/structure of the surrounding image (if present)."
omni/042_c.png,generations/042.png,"Fill in the outlined section with the missing pixels corresponding to the <isometric nyc pixel art> style, removing the border and exactly following the shape/style/structure of the surrounding image (if present)."
omni/043_a.png,generations/043.png,"Fill in the outlined section with the missing pixels corresponding to the <isometric nyc pixel art> style, removing the border and exactly following the shape/style/structure of the surrounding image (if present)."
omni/043_b.png,generations/043.png,"Fill in the outlined section with the missing pixels corresponding to the <isometric nyc pixel art> style, removing the border and exactly following the shape/style/structure of the surrounding image (if present)."
omni/043_c.png,generations/043.png,"Fill in the outlined section with the missing pixels corresponding to the <isometric nyc pixel art> style, removing the border and exactly following the shape/style/structure of the surrounding image (if present)."
omni/044_a.png,generations/044.png,"Fill in the outlined section with the missing pixels corresponding to the <isometric nyc pixel art> style, removing the border and exactly following the shape/style/structure of the surrounding image (if present)."
omni/044_b.png,generations/044.png,"Fill in the outlined section with the missing pixels corresponding to the <isometric nyc pixel art> style, removing the border and exactly following the shape/style/structure of the surrounding image (if present)."
omni/044_c.png,generations/044.png,"Fill in the outlined section with the missing pixels corresponding to the <isometric nyc pixel art> style, removing the border and exactly following the shape/style/structure of the surrounding image (if present)."
omni/045_a.png,generations/045.png,"Fill in the outlined section with the missing pixels corresponding to the <isometric nyc pixel art> style, removing the border and exactly following the shape/style/structure of the surrounding image (if present)."
omni/045_b.png,generations/045.png,"Fill in the outlined section with the missing pixels corresponding to the <isometric nyc pixel art> style, removing the border and exactly following the shape/style/structure of the surrounding image (if present)."
omni/045_c.png,generations/045.png,"Fill in the outlined section with the missing pixels corresponding to the <isometric nyc pixel art> style, removing the border and exactly following the shape/style/structure of the surrounding image (if present)."
omni/046_a.png,generations/046.png,"Fill in the outlined section with the missing pixels corresponding to the <isometric nyc pixel art> style, removing the border and exactly following the shape/style/structure of the surrounding image (if present)."
omni/046_b.png,generations/046.png,"Fill in the outlined section with the missing pixels corresponding to the <isometric nyc pixel art> style, removing the border and exactly following the shape/style/structure of the surrounding image (if present)."
omni/046_c.png,generations/046.png,"Fill in the outlined section with the missing pixels corresponding to the <isometric nyc pixel art> style, removing the border and exactly following the shape/style/structure of the surrounding image (if present)."
omni/047_a.png,generations/047.png,"Fill in the outlined section with the missing pixels corresponding to the <isometric nyc pixel art> style, removing the border and exactly following the shape/style/structure of the surrounding image (if present)."
omni/047_b.png,generations/047.png,"Fill in the outlined section with the missing pixels corresponding to the <isometric nyc pixel art> style, removing the border and exactly following the shape/style/structure of the surrounding image (if present)."
omni/047_c.png,generations/047.png,"Fill in the outlined section with the missing pixels corresponding to the <isometric nyc pixel art> style, removing the border and exactly following the shape/style/structure of the surrounding image (if present)."
omni/048_a.png,generations/048.png,"Fill in the outlined section with the missing pixels corresponding to the <isometric nyc pixel art> style, removing the border and exactly following the shape/style/structure of the surrounding image (if present)."
omni/048_b.png,generations/048.png,"Fill in the outlined section with the missing pixels corresponding to the <isometric nyc pixel art> style, removing the border and exactly following the shape/style/structure of the surrounding image (if present)."
omni/048_c.png,generations/048.png,"Fill in the outlined section with the missing pixels corresponding to the <isometric nyc pixel art> style, removing the border and exactly following the shape/style/structure of the surrounding image (if present)."
omni/049_a.png,generations/049.png,"Fill in the outlined section with the missing pixels corresponding to the <isometric nyc pixel art> style, removing the border and exactly following the shape/style/structure of the surrounding image (if present)."
omni/049_b.png,generations/049.png,"Fill in the outlined section with the missing pixels corresponding to the <isometric nyc pixel art> style, removing the border and exactly following the shape/style/structure of the surrounding image (if present)."
omni/049_c.png,generations/049.png,"Fill in the outlined section with the missing pixels corresponding to the <isometric nyc pixel art> style, removing the border and exactly following the shape/style/structure of the surrounding image (if present)."
omni/050_a.png,generations/050.png,"Fill in the outlined section with the missing pixels corresponding to the <isometric nyc pixel art> style, removing the border and exactly following the shape/style/structure of the surrounding image (if present)."
omni/050_b.png,generations/050.png,"Fill in the outlined section with the missing pixels corresponding to the <isometric nyc pixel art> style, removing the border and exactly following the shape/style/structure of the surrounding image (if present)."
omni/050_c.png,generations/050.png,"Fill in the outlined section with the missing pixels corresponding to the <isometric nyc pixel art> style, removing the border and exactly following the shape/style/structure of the surrounding image (if present)."
omni/051_a.png,generations/051.png,"Fill in the outlined section with the missing pixels corresponding to the <isometric nyc pixel art> style, removing the border and exactly following the shape/style/structure of the surrounding image (if present)."
omni/051_b.png,generations/051.png,"Fill in the outlined section with the missing pixels corresponding to the <isometric nyc pixel art> style, removing the border and exactly following the shape/style/structure of the surrounding image (if present)."
omni/051_c.png,generations/051.png,"Fill in the outlined section with the missing pixels corresponding to the <isometric nyc pixel art> style, removing the border and exactly following the shape/style/structure of the surrounding image (if present)."
omni/052_a.png,generations/052.png,"Fill in the outlined section with the missing pixels corresponding to the <isometric nyc pixel art> style, removing the border and exactly following the shape/style/structure of the surrounding image (if present)."
omni/052_b.png,generations/052.png,"Fill in the outlined section with the missing pixels corresponding to the <isometric nyc pixel art> style, removing the border and exactly following the shape/style/structure of the surrounding image (if present)."
omni/052_c.png,generations/052.png,"Fill in the outlined section with the missing pixels corresponding to the <isometric nyc pixel art> style, removing the border and exactly following the shape/style/structure of the surrounding image (if present)."
omni/054_a.png,generations/054.png,"Fill in the outlined section with the missing pixels corresponding to the <isometric nyc pixel art> style, removing the border and exactly following the shape/style/structure of the surrounding image (if present)."
omni/054_b.png,generations/054.png,"Fill in the outlined section with the missing pixels corresponding to the <isometric nyc pixel art> style, removing the border and exactly following the shape/style/structure of the surrounding image (if present)."
omni/054_c.png,generations/054.png,"Fill in the outlined section with the missing pixels corresponding to the <isometric nyc pixel art> style, removing the border and exactly following the shape/style/structure of the surrounding image (if present)."
omni/055_a.png,generations/055.png,"Fill in the outlined section with the missing pixels corresponding to the <isometric nyc pixel art> style, removing the border and exactly following the shape/style/structure of the surrounding image (if present)."
omni/055_b.png,generations/055.png,"Fill in the outlined section with the missing pixels corresponding to the <isometric nyc pixel art> style, removing the border and exactly following the shape/style/structure of the surrounding image (if present)."
omni/055_c.png,generations/055.png,"Fill in the outlined section with the missing pixels corresponding to the <isometric nyc pixel art> style, removing the border and exactly following the shape/style/structure of the surrounding image (if present)."
omni/056_a.png,generations/056.png,"Fill in the outlined section with the missing pixels corresponding to the <isometric nyc pixel art> style, removing the border and exactly following the shape/style/structure of the surrounding image (if present)."
omni/056_b.png,generations/056.png,"Fill in the outlined section with the missing pixels corresponding to the <isometric nyc pixel art> style, removing the border and exactly following the shape/style/structure of the surrounding image (if present)."
omni/056_c.png,generations/056.png,"Fill in the outlined section with the missing pixels corresponding to the <isometric nyc pixel art> style, removing the border and exactly following the shape/style/structure of the surrounding image (if present)."
omni/058_a.png,generations/058.png,"Fill in the outlined section with the missing pixels corresponding to the <isometric nyc pixel art> style, removing the border and exactly following the shape/style/structure of the surrounding image (if present)."
omni/058_b.png,generations/058.png,"Fill in the outlined section with the missing pixels corresponding to the <isometric nyc pixel art> style, removing the border and exactly following the shape/style/structure of the surrounding image (if present)."
omni/058_c.png,generations/058.png,"Fill in the outlined section with the missing pixels corresponding to the <isometric nyc pixel art> style, removing the border and exactly following the shape/style/structure of the surrounding image (if present)."
omni/059_a.png,generations/059.png,"Fill in the outlined section with the missing pixels corresponding to the <isometric nyc pixel art> style, removing the border and exactly following the shape/style/structure of the surrounding image (if present)."
omni/059_b.png,generations/059.png,"Fill in the outlined section with the missing pixels corresponding to the <isometric nyc pixel art> style, removing the border and exactly following the shape/style/structure of the surrounding image (if present)."
omni/059_c.png,generations/059.png,"Fill in the outlined section with the missing pixels corresponding to the <isometric nyc pixel art> style, removing the border and exactly following the shape/style/structure of the surrounding image (if present)."
omni/060_a.png,generations/060.png,"Fill in the outlined section with the missing pixels corresponding to the <isometric nyc pixel art> style, removing the border and exactly following the shape/style/structure of the surrounding image (if present)."
omni/060_b.png,generations/060.png,"Fill in the outlined section with the missing pixels corresponding to the <isometric nyc pixel art> style, removing the border and exactly following the shape/style/structure of the surrounding image (if present)."
omni/060_c.png,generations/060.png,"Fill in the outlined section with the missing pixels corresponding to the <isometric nyc pixel art> style, removing the border and exactly following the shape/style/structure of the surrounding image (if present)."
omni/061_a.png,generations/061.png,"Fill in the outlined section with the missing pixels corresponding to the <isometric nyc pixel art> style, removing the border and exactly following the shape/style/structure of the surrounding image (if present)."
omni/061_b.png,generations/061.png,"Fill in the outlined section with the missing pixels corresponding to the <isometric nyc pixel art> style, removing the border and exactly following the shape/style/structure of the surrounding image (if present)."
omni/061_c.png,generations/061.png,"Fill in the outlined section with the missing pixels corresponding to the <isometric nyc pixel art> style, removing the border and exactly following the shape/style/structure of the surrounding image (if present)."
omni/tl_-1_77_br_0_78_a.png,generations/tl_-1_77_br_0_78.png,"Fill in the outlined section with the missing pixels corresponding to the <isometric nyc pixel art> style, removing the border and exactly following the shape/style/structure of the surrounding image (if present)."
omni/tl_-1_77_br_0_78_b.png,generations/tl_-1_77_br_0_78.png,"Fill in the outlined section with the missing pixels corresponding to the <isometric nyc pixel art> style, removing the border and exactly following the shape/style/structure of the surrounding image (if present)."
omni/tl_-1_77_br_0_78_c.png,generations/tl_-1_77_br_0_78.png,"Fill in the outlined section with the missing pixels corresponding to the <isometric nyc pixel art> style, removing the border and exactly following the shape/style/structure of the surrounding image (if present)."
omni/tl_105_70_br_106_71_a.png,generations/tl_105_70_br_106_71.png,"Fill in the outlined section with the missing pixels corresponding to the <isometric nyc pixel art> style, removing the border and exactly following the shape/style/structure of the surrounding image (if present)."
omni/tl_105_70_br_106_71_b.png,generations/tl_105_70_br_106_71.png,"Fill in the outlined section with the missing pixels corresponding to the <isometric nyc pixel art> style, removing the border and exactly following the shape/style/structure of the surrounding image (if present)."
omni/tl_105_70_br_106_71_c.png,generations/tl_105_70_br_106_71.png,"Fill in the outlined section with the missing pixels corresponding to the <isometric nyc pixel art> style, removing the border and exactly following the shape/style/structure of the surrounding image (if present)."
omni/tl_109_74_br_110_75_a.png,generations/tl_109_74_br_110_75.png,"Fill in the outlined section with the missing pixels corresponding to the <isometric nyc pixel art> style, removing the border and exactly following the shape/style/structure of the surrounding image (if present)."
omni/tl_109_74_br_110_75_b.png,generations/tl_109_74_br_110_75.png,"Fill in the outlined section with the missing pixels corresponding to the <isometric nyc pixel art> style, removing the border and exactly following the shape/style/structure of the surrounding image (if present)."
omni/tl_109_74_br_110_75_c.png,generations/tl_109_74_br_110_75.png,"Fill in the outlined section with the missing pixels corresponding to the <isometric nyc pixel art> style, removing the border and exactly following the shape/style/structure of the surrounding image (if present)."
omni/tl_121_-36_br_122_-35_a.png,generations/tl_121_-36_br_122_-35.png,"Fill in the outlined section with the missing pixels corresponding to the <isometric nyc pixel art> style, removing the border and exactly following the shape/style/structure of the surrounding image (if present)."
omni/tl_121_-36_br_122_-35_b.png,generations/tl_121_-36_br_122_-35.png,"Fill in the outlined section with the missing pixels corresponding to the <isometric nyc pixel art> style, removing the border and exactly following the shape/style/structure of the surrounding image (if present)."
omni/tl_121_-36_br_122_-35_c.png,generations/tl_121_-36_br_122_-35.png,"Fill in the outlined section with the missing pixels corresponding to the <isometric nyc pixel art> style, removing the border and exactly following the shape/style/structure of the surrounding image (if present)."
omni/tl_121_-44_br_122_-43_a.png,generations/tl_121_-44_br_122_-43.png,"Fill in the outlined section with the missing pixels corresponding to the <isometric nyc pixel art> style, removing the border and exactly following the shape/style/structure of the surrounding image (if present)."
omni/tl_121_-44_br_122_-43_b.png,generations/tl_121_-44_br_122_-43.png,"Fill in the outlined section with the missing pixels corresponding to the <isometric nyc pixel art> style, removing the border and exactly following the shape/style/structure of the surrounding image (if present)."
omni/tl_121_-44_br_122_-43_c.png,generations/tl_121_-44_br_122_-43.png,"Fill in the outlined section with the missing pixels corresponding to the <isometric nyc pixel art> style, removing the border and exactly following the shape/style/structure of the surrounding image (if present)."
omni/tl_122_-35_br_123_-34_a.png,generations/tl_122_-35_br_123_-34.png,"Fill in the outlined section with the missing pixels corresponding to the <isometric nyc pixel art> style, removing the border and exactly following the shape/style/structure of the surrounding image (if present)."
omni/tl_122_-35_br_123_-34_b.png,generations/tl_122_-35_br_123_-34.png,"Fill in the outlined section with the missing pixels corresponding to the <isometric nyc pixel art> style, removing the border and exactly following the shape/style/structure of the surrounding image (if present)."
omni/tl_122_-35_br_123_-34_c.png,generations/tl_122_-35_br_123_-34.png,"Fill in the outlined section with the missing pixels corresponding to the <isometric nyc pixel art> style, removing the border and exactly following the shape/style/structure of the surrounding image (if present)."
omni/tl_17_92_br_18_93_a.png,generations/tl_17_92_br_18_93.png,"Fill in the outlined section with the missing pixels corresponding to the <isometric nyc pixel art> style, removing the border and exactly following the shape/style/structure of the surrounding image (if present)."
omni/tl_17_92_br_18_93_b.png,generations/tl_17_92_br_18_93.png,"Fill in the outlined section with the missing pixels corresponding to the <isometric nyc pixel art> style, removing the border and exactly following the shape/style/structure of the surrounding image (if present)."
omni/tl_17_92_br_18_93_c.png,generations/tl_17_92_br_18_93.png,"Fill in the outlined section with the missing pixels corresponding to the <isometric nyc pixel art> style, removing the border and exactly following the shape/style/structure of the surrounding image (if present)."
omni/tl_25_-20_br_26_-19_a.png,generations/tl_25_-20_br_26_-19.png,"Fill in the outlined section with the missing pixels corresponding to the <isometric nyc pixel art> style, removing the border and exactly following the shape/style/structure of the surrounding image (if present)."
omni/tl_25_-20_br_26_-19_b.png,generations/tl_25_-20_br_26_-19.png,"Fill in the outlined section with the missing pixels corresponding to the <isometric nyc pixel art> style, removing the border and exactly following the shape/style/structure of the surrounding image (if present)."
omni/tl_25_-20_br_26_-19_c.png,generations/tl_25_-20_br_26_-19.png,"Fill in the outlined section with the missing pixels corresponding to the <isometric nyc pixel art> style, removing the border and exactly following the shape/style/structure of the surrounding image (if present)."
omni/tl_25_-22_br_26_-21_a.png,generations/tl_25_-22_br_26_-21.png,"Fill in the outlined section with the missing pixels corresponding to the <isometric nyc pixel art> style, removing the border and exactly following the shape/style/structure of the surrounding image (if present)."
omni/tl_25_-22_br_26_-21_b.png,generations/tl_25_-22_br_26_-21.png,"Fill in the outlined section with the missing pixels corresponding to the <isometric nyc pixel art> style, removing the border and exactly following the shape/style/structure of the surrounding image (if present)."
omni/tl_25_-22_br_26_-21_c.png,generations/tl_25_-22_br_26_-21.png,"Fill in the outlined section with the missing pixels corresponding to the <isometric nyc pixel art> style, removing the border and exactly following the shape/style/structure of the surrounding image (if present)."
omni/tl_35_-65_br_36_-64_a.png,generations/tl_35_-65_br_36_-64.png,"Fill in the outlined section with the missing pixels corresponding to the <isometric nyc pixel art> style, removing the border and exactly following the shape/style/structure of the surrounding image (if present)."
omni/tl_35_-65_br_36_-64_b.png,generations/tl_35_-65_br_36_-64.png,"Fill in the outlined section with the missing pixels corresponding to the <isometric nyc pixel art> style, removing the border and exactly following the shape/style/structure of the surrounding image (if present)."
omni/tl_35_-65_br_36_-64_c.png,generations/tl_35_-65_br_36_-64.png,"Fill in the outlined section with the missing pixels corresponding to the <isometric nyc pixel art> style, removing the border and exactly following the shape/style/structure of the surrounding image (if present)."
omni/tl_48_-65_br_49_-64_a.png,generations/tl_48_-65_br_49_-64.png,"Fill in the outlined section with the missing pixels corresponding to the <isometric nyc pixel art> style, removing the border and exactly following the shape/style/structure of the surrounding image (if present)."
omni/tl_48_-65_br_49_-64_b.png,generations/tl_48_-65_br_49_-64.png,"Fill in the outlined section with the missing pixels corresponding to the <isometric nyc pixel art> style, removing the border and exactly following the shape/style/structure of the surrounding image (if present)."
omni/tl_48_-65_br_49_-64_c.png,generations/tl_48_-65_br_49_-64.png,"Fill in the outlined section with the missing pixels corresponding to the <isometric nyc pixel art> style, removing the border and exactly following the shape/style/structure of the surrounding image (if present)."
omni/tl_54_102_br_55_103_a.png,generations/tl_54_102_br_55_103.png,"Fill in the outlined section with the missing pixels corresponding to the <isometric nyc pixel art> style, removing the border and exactly following the shape/style/structure of the surrounding image (if present)."
omni/tl_54_102_br_55_103_b.png,generations/tl_54_102_br_55_103.png,"Fill in the outlined section with the missing pixels corresponding to the <isometric nyc pixel art> style, removing the border and exactly following the shape/style/structure of the surrounding image (if present)."
omni/tl_54_102_br_55_103_c.png,generations/tl_54_102_br_55_103.png,"Fill in the outlined section with the missing pixels corresponding to the <isometric nyc pixel art> style, removing the border and exactly following the shape/style/structure of the surrounding image (if present)."
omni/tl_80_-63_br_81_-62_a.png,generations/tl_80_-63_br_81_-62.png,"Fill in the outlined section with the missing pixels corresponding to the <isometric nyc pixel art> style, removing the border and exactly following the shape/style/structure of the surrounding image (if present)."
omni/tl_80_-63_br_81_-62_b.png,generations/tl_80_-63_br_81_-62.png,"Fill in the outlined section with the missing pixels corresponding to the <isometric nyc pixel art> style, removing the border and exactly following the shape/style/structure of the surrounding image (if present)."
omni/tl_80_-63_br_81_-62_c.png,generations/tl_80_-63_br_81_-62.png,"Fill in the outlined section with the missing pixels corresponding to the <isometric nyc pixel art> style, removing the border and exactly following the shape/style/structure of the surrounding image (if present)."
omni/tl_81_85_br_82_86_a.png,generations/tl_81_85_br_82_86.png,"Fill in the outlined section with the missing pixels corresponding to the <isometric nyc pixel art> style, removing the border and exactly following the shape/style/structure of the surrounding image (if present)."
omni/tl_81_85_br_82_86_b.png,generations/tl_81_85_br_82_86.png,"Fill in the outlined section with the missing pixels corresponding to the <isometric nyc pixel art> style, removing the border and exactly following the shape/style/structure of the surrounding image (if present)."
omni/tl_81_85_br_82_86_c.png,generations/tl_81_85_br_82_86.png,"Fill in the outlined section with the missing pixels corresponding to the <isometric nyc pixel art> style, removing the border and exactly following the shape/style/structure of the surrounding image (if present)."
omni/tl_93_-62_br_94_-61_a.png,generations/tl_93_-62_br_94_-61.png,"Fill in the outlined section with the missing pixels corresponding to the <isometric nyc pixel art> style, removing the border and exactly following the shape/style/structure of the surrounding image (if present)."
omni/tl_93_-62_br_94_-61_b.png,generations/tl_93_-62_br_94_-61.png,"Fill in the outlined section with the missing pixels corresponding to the <isometric nyc pixel art> style, removing the border and exactly following the shape/style/structure of the surrounding image (if present)."
omni/tl_93_-62_br_94_-61_c.png,generations/tl_93_-62_br_94_-61.png,"Fill in the outlined section with the missing pixels corresponding to the <isometric nyc pixel art> style, removing the border and exactly following the shape/style/structure of the surrounding image (if present)."
