render,generation,prompt
renders_v04/000.png,generations_v04/000.png,Convert the input image to <isometric nyc pixel art>
renders_v04/001.png,generations_v04/001.png,Convert the input image to <isometric nyc pixel art>
renders_v04/002.png,generations_v04/002.png,Convert the input image to <isometric nyc pixel art>
renders_v04/003.png,generations_v04/003.png,Convert the input image to <isometric nyc pixel art>
renders_v04/004.png,generations_v04/004.png,Convert the input image to <isometric nyc pixel art>
renders_v04/005.png,generations_v04/005.png,Convert the input image to <isometric nyc pixel art>
renders_v04/006.png,generations_v04/006.png,Convert the input image to <isometric nyc pixel art>
renders_v04/008.png,generations_v04/008.png,Convert the input image to <isometric nyc pixel art>
renders_v04/009.png,generations_v04/009.png,Convert the input image to <isometric nyc pixel art>
renders_v04/010.png,generations_v04/010.png,Convert the input image to <isometric nyc pixel art>
renders_v04/011.png,generations_v04/011.png,Convert the input image to <isometric nyc pixel art>
renders_v04/012.png,generations_v04/012.png,Convert the input image to <isometric nyc pixel art>
renders_v04/013.png,generations_v04/013.png,Convert the input image to <isometric nyc pixel art>
renders_v04/014.png,generations_v04/014.png,Convert the input image to <isometric nyc pixel art>
renders_v04/015.png,generations_v04/015.png,Convert the input image to <isometric nyc pixel art>
renders_v04/016.png,generations_v04/016.png,Convert the input image to <isometric nyc pixel art>
renders_v04/018.png,generations_v04/018.png,Convert the input image to <isometric nyc pixel art>
renders_v04/019.png,generations_v04/019.png,Convert the input image to <isometric nyc pixel art>
renders_v04/020.png,generations_v04/020.png,Convert the input image to <isometric nyc pixel art>
renders_v04/021.png,generations_v04/021.png,Convert the input image to <isometric nyc pixel art>
renders_v04/022.png,generations_v04/022.png,Convert the input image to <isometric nyc pixel art>
renders_v04/023.png,generations_v04/023.png,Convert the input image to <isometric nyc pixel art>
renders_v04/024.png,generations_v04/024.png,Convert the input image to <isometric nyc pixel art>
renders_v04/025.png,generations_v04/025.png,Convert the input image to <isometric nyc pixel art>
renders_v04/026.png,generations_v04/026.png,Convert the input image to <isometric nyc pixel art>
renders_v04/027.png,generations_v04/027.png,Convert the input image to <isometric nyc pixel art>
renders_v04/028.png,generations_v04/028.png,Convert the input image to <isometric nyc pixel art>
renders_v04/029.png,generations_v04/029.png,Convert the input image to <isometric nyc pixel art>
renders_v04/030.png,generations_v04/030.png,Convert the input image to <isometric nyc pixel art>
renders_v04/031.png,generations_v04/031.png,Convert the input image to <isometric nyc pixel art>
renders_v04/032.png,generations_v04/032.png,Convert the input image to <isometric nyc pixel art>
renders_v04/033.png,generations_v04/033.png,Convert the input image to <isometric nyc pixel art>
renders_v04/034.png,generations_v04/034.png,Convert the input image to <isometric nyc pixel art>
renders_v04/035.png,generations_v04/035.png,Convert the input image to <isometric nyc pixel art>
renders_v04/036.png,generations_v04/036.png,Convert the input image to <isometric nyc pixel art>
renders_v04/037.png,generations_v04/037.png,Convert the input image to <isometric nyc pixel art>
renders_v04/038.png,generations_v04/038.png,Convert the input image to <isometric nyc pixel art>
renders_v04/039.png,generations_v04/039.png,Convert the input image to <isometric nyc pixel art>
renders_v04/040.png,generations_v04/040.png,Convert the input image to <isometric nyc pixel art>
